Year,State,Setting,Birth to 1, 1 to 2 ,2 to 3,Birth thru 2 - Total,3 to 4, 4 to 5,5 or older, 3 or older -  Total,Birth thru 2 - HI,Birth thru 2 - AM,Birth thru 2 - AS,Birth thru 2 - BL,Birth thru 2 - PI, Birth thru 2 -  WH, Birth thru 2 - MU, Birth thru 2 - RE Total,3 or Older - HI, 3 or Older - AM, 3 or Older - AS,3 or Older - BL,3 or Older  - PI,3 or Older - WH,3 or Older - MU,3 or Older - RE Total,Birth thru 2 - Male,Birth thru 2 - Female,Birth thru 2 - Gender Total,3 or Older - Male,3 or Older - Female,3 or Older - Gender Total,Cumulative Count - Ages Birth through 2
2012, Alabama,Home,280,894,1591,2765,-,-,-,-,226,x,x,820,0,1617,71,2765,-,-,-,-,-,-,-,-,-,-,-,-,-,-,-
2012, Alabama,At-Risk Infants and Toddlers,-,-,-,-,-,-,-,-,-,-,-,-,-,-,-,-,-,-,-,-,-,-,-,-,-,-,-,-,-,-,-
2012, Alabama,Community-Based,4,58,156,218,-,-,-,-,5,x,x,101,0,105,4,218,-,-,-,-,-,-,-,-,-,-,-,-,-,-,-
2012, Alabama,Other,1,3,6,10,-,-,-,-,0,x,x,4,0,6,0,10,-,-,-,-,-,-,-,-,-,-,-,-,-,-,-
2012, Alabama,Total,285,955,1753,2993,-,-,-,-,231,x,x,925,0,1728,75,2993,-,-,-,-,-,-,-,-,1920,1073,2993,-,-,-,5968
2012, Alaska,At-Risk Infants and Toddlers,-,-,-,-,-,-,-,-,-,-,-,-,-,-,-,-,-,-,-,-,-,-,-,-,-,-,-,-,-,-,-
2012, Alaska,Community-Based,10,18,19,47,-,-,-,-,0,24,0,1,0,13,9,47,-,-,-,-,-,-,-,-,-,-,-,-,-,-,-
2012, Alaska,Home,178,264,311,753,-,-,-,-,50,252,20,24,13,317,77,753,-,-,-,-,-,-,-,-,-,-,-,-,-,-,-
2012, Alaska,Other,1,3,6,10,-,-,-,-,0,6,0,0,0,2,2,10,-,-,-,-,-,-,-,-,-,-,-,-,-,-,-
2012, Alaska,Total,189,285,336,810,-,-,-,-,50,282,20,25,13,332,88,810,-,-,-,-,-,-,-,-,474,336,810,-,-,-,1636
2012, American Samoa,At-Risk Infants and Toddlers,-,-,-,-,-,-,-,-,-,-,-,-,-,-,-,-,-,-,-,-,-,-,-,-,-,-,-,-,-,-,-
2012, American Samoa,Community-Based,3,10,9,22,-,-,-,-,0,0,x,0,x,0,0,22,-,-,-,-,-,-,-,-,-,-,-,-,-,-,-
2012, American Samoa,Home,7,13,10,30,-,-,-,-,0,0,x,0,x,0,0,30,-,-,-,-,-,-,-,-,-,-,-,-,-,-,-
2012, American Samoa,Other,0,0,0,0,-,-,-,-,0,0,x,0,x,0,0,0,-,-,-,-,-,-,-,-,-,-,-,-,-,-,-
2012, American Samoa,Total,10,23,19,52,-,-,-,-,0,0,x,0,x,0,0,52,-,-,-,-,-,-,-,-,30,22,52,-,-,-,98
2012, Arizona,At-Risk Infants and Toddlers,-,-,-,-,-,-,-,-,-,-,-,-,-,-,-,-,-,-,-,-,-,-,-,-,-,-,-,-,-,-,-
2012, Arizona,Community-Based,1,3,5,9,-,-,-,-,5,0,0,0,0,4,0,9,-,-,-,-,-,-,-,-,-,-,-,-,-,-,-
2012, Arizona,Home,627,1449,2687,4763,-,-,-,-,1801,275,72,170,4,2421,20,4763,-,-,-,-,-,-,-,-,-,-,-,-,-,-,-
2012, Arizona,Other,39,109,180,328,-,-,-,-,132,8,7,19,0,162,0,328,-,-,-,-,-,-,-,-,-,-,-,-,-,-,-
2012, Arizona,Total,667,1561,2872,5100,-,-,-,-,1938,283,79,189,4,2587,20,5100,-,-,-,-,-,-,-,-,3129,1971,5100,-,-,-,9738
2012, Arkansas,At-Risk Infants and Toddlers,-,-,-,-,-,-,-,-,-,-,-,-,-,-,-,-,-,-,-,-,-,-,-,-,-,-,-,-,-,-,-
2012, Arkansas,Community-Based,90,223,395,708,-,-,-,-,44,2,3,280,1,356,22,708,-,-,-,-,-,-,-,-,-,-,-,-,-,-,-
2012, Arkansas,Home,81,116,131,328,-,-,-,-,31,4,6,82,0,201,4,328,-,-,-,-,-,-,-,-,-,-,-,-,-,-,-
2012, Arkansas,Other,211,738,1145,2094,-,-,-,-,216,4,6,756,8,1059,45,2094,-,-,-,-,-,-,-,-,-,-,-,-,-,-,-
2012, Arkansas,Total,382,1077,1671,3130,-,-,-,-,291,10,15,1118,9,1616,71,3130,-,-,-,-,-,-,-,-,1307,1823,3130,-,-,-,0
2012, California,At-Risk Infants and Toddlers,-,-,-,-,-,-,-,-,-,-,-,-,-,-,-,-,-,-,-,-,-,-,-,-,-,-,-,-,-,-,-
2012, California,Community-Based,386,1426,3693,5505,-,-,-,-,3028,15,618,417,16,1346,65,5505,-,-,-,-,-,-,-,-,-,-,-,-,-,-,-
2012, California,Home,3340,8455,13601,25396,-,-,-,-,14436,81,2206,1486,60,6675,452,25396,-,-,-,-,-,-,-,-,-,-,-,-,-,-,-
2012, California,Other,184,780,1872,2836,-,-,-,-,1625,1,269,137,6,745,53,2836,-,-,-,-,-,-,-,-,-,-,-,-,-,-,-
2012, California,Total,3910,10661,19166,33737,-,-,-,-,19089,97,3093,2040,82,8766,570,33737,-,-,-,-,-,-,-,-,21535,12202,33737,-,-,-,0
2012, Colorado,At-Risk Infants and Toddlers,-,-,-,-,-,-,-,-,-,-,-,-,-,-,-,-,-,-,-,-,-,-,-,-,-,-,-,-,-,-,-
2012, Colorado,Community-Based,1,25,42,68,-,-,-,-,30,1,1,5,0,27,4,68,-,-,-,-,-,-,-,-,-,-,-,-,-,-,-
2012, Colorado,Home,658,1770,3480,5908,-,-,-,-,1893,26,166,238,9,3365,211,5908,-,-,-,-,-,-,-,-,-,-,-,-,-,-,-
2012, Colorado,Other,0,5,8,13,-,-,-,-,5,0,0,2,0,6,0,13,-,-,-,-,-,-,-,-,-,-,-,-,-,-,-
2012, Colorado,Total,659,1800,3530,5989,-,-,-,-,1928,27,167,245,9,3398,215,5989,-,-,-,-,-,-,-,-,3787,2202,5989,-,-,-,11762
2012, Connecticut,At-Risk Infants and Toddlers,-,-,-,-,-,-,-,-,-,-,-,-,-,-,-,-,-,-,-,-,-,-,-,-,-,-,-,-,-,-,-
2012, Connecticut,Community-Based,2,27,60,89,-,-,-,-,26,0,2,17,0,42,2,89,-,-,-,-,-,-,-,-,-,-,-,-,-,-,-
2012, Connecticut,Home,422,1337,2560,4319,-,-,-,-,1274,9,128,452,23,2339,94,4319,-,-,-,-,-,-,-,-,-,-,-,-,-,-,-
2012, Connecticut,Other,1,1,0,2,-,-,-,-,0,0,0,2,0,0,0,2,-,-,-,-,-,-,-,-,-,-,-,-,-,-,-
2012, Connecticut,Total,425,1365,2620,4410,-,-,-,-,1300,9,130,471,23,2381,96,4410,-,-,-,-,-,-,-,-,2919,1491,4410,-,-,-,8739
2012, Delaware,At-Risk Infants and Toddlers,-,-,-,-,-,-,-,-,-,-,-,-,-,-,-,-,-,-,-,-,-,-,-,-,-,-,-,-,-,-,-
2012, Delaware,Community-Based,3,18,55,76,-,-,-,-,2,x,x,27,1,24,22,76,-,-,-,-,-,-,-,-,-,-,-,-,-,-,-
2012, Delaware,Home,95,254,438,787,-,-,-,-,105,x,x,183,5,326,164,787,-,-,-,-,-,-,-,-,-,-,-,-,-,-,-
2012, Delaware,Other,4,19,32,55,-,-,-,-,5,x,x,10,0,36,4,55,-,-,-,-,-,-,-,-,-,-,-,-,-,-,-
2012, Delaware,Total,102,291,525,918,-,-,-,-,112,x,x,220,6,386,190,918,-,-,-,-,-,-,-,-,582,336,918,-,-,-,1492
2012, District of Columbia,At-Risk Infants and Toddlers,-,-,-,-,-,-,-,-,-,-,-,-,-,-,-,-,-,-,-,-,-,-,-,-,-,-,-,-,-,-,-
2012, District of Columbia,Community-Based,4,30,70,104,-,-,-,-,12,0,0,83,0,8,1,104,-,-,-,-,-,-,-,-,-,-,-,-,-,-,-
2012, District of Columbia,Home,42,128,189,359,-,-,-,-,66,0,12,186,3,70,22,359,-,-,-,-,-,-,-,-,-,-,-,-,-,-,-
2012, District of Columbia,Other,2,12,5,19,-,-,-,-,7,0,0,6,0,5,1,19,-,-,-,-,-,-,-,-,-,-,-,-,-,-,-
2012, District of Columbia,Total,48,170,264,482,-,-,-,-,85,0,12,275,3,83,24,482,-,-,-,-,-,-,-,-,299,183,482,-,-,-,0
2012, Florida,At-Risk Infants and Toddlers,-,-,-,-,-,-,-,-,-,-,-,-,-,-,-,-,-,-,-,-,-,-,-,-,-,-,-,-,-,-,-
2012, Florida,Community-Based,47,218,700,965,-,-,-,-,326,0,7,325,0,279,28,965,-,-,-,-,-,-,-,-,-,-,-,-,-,-,-
2012, Florida,Home,1160,2772,5300,9232,-,-,-,-,3293,25,183,2073,12,3357,289,9232,-,-,-,-,-,-,-,-,-,-,-,-,-,-,-
2012, Florida,Other,303,618,918,1839,-,-,-,-,539,5,41,494,4,705,51,1839,-,-,-,-,-,-,-,-,-,-,-,-,-,-,-
2012, Florida,Total,1510,3608,6918,12036,-,-,-,-,4158,30,231,2892,16,4341,368,12036,-,-,-,-,-,-,-,-,7699,4337,12036,-,-,-,24747
2012, Georgia,At-Risk Infants and Toddlers,-,-,-,-,-,-,-,-,-,-,-,-,-,-,-,-,-,-,-,-,-,-,-,-,-,-,-,-,-,-,-
2012, Georgia,Community-Based,1,19,45,65,-,-,-,-,1,0,1,24,0,37,2,65,-,-,-,-,-,-,-,-,-,-,-,-,-,-,-
2012, Georgia,Home,875,2280,4274,7429,-,-,-,-,524,12,264,2885,12,3509,223,7429,-,-,-,-,-,-,-,-,-,-,-,-,-,-,-
2012, Georgia,Other,2,5,18,25,-,-,-,-,0,0,0,8,0,17,0,25,-,-,-,-,-,-,-,-,-,-,-,-,-,-,-
2012, Georgia,Total,878,2304,4337,7519,-,-,-,-,525,12,265,2917,12,3563,225,7519,-,-,-,-,-,-,-,-,4707,2812,7519,-,-,-,0
2012, Guam,At-Risk Infants and Toddlers,4,12,9,25,-,-,-,-,0,0,1,x,24,x,0,25,-,-,-,-,-,-,-,-,-,-,-,-,-,-,-
2012, Guam,Community-Based,0,0,2,2,-,-,-,-,0,0,0,x,2,x,0,2,-,-,-,-,-,-,-,-,-,-,-,-,-,-,-
2012, Guam,Home,37,68,78,183,-,-,-,-,0,0,21,x,132,x,25,183,-,-,-,-,-,-,-,-,-,-,-,-,-,-,-
2012, Guam,Other,0,0,0,0,-,-,-,-,0,0,0,x,0,x,0,0,-,-,-,-,-,-,-,-,-,-,-,-,-,-,-
2012, Guam,Total,37,68,80,185,-,-,-,-,0,0,21,x,134,x,25,185,-,-,-,-,-,-,-,-,109,76,185,-,-,-,264
2012, Hawaii,At-Risk Infants and Toddlers,-,-,-,-,-,-,-,-,-,-,-,-,-,-,-,-,-,-,-,-,-,-,-,-,-,-,-,-,-,-,-
2012, Hawaii,Community-Based,3,9,49,61,-,-,-,-,7,0,21,1,5,7,20,61,-,-,-,-,-,-,-,-,-,-,-,-,-,-,-
2012, Hawaii,Home,132,503,976,1611,-,-,-,-,141,0,426,17,174,254,599,1611,-,-,-,-,-,-,-,-,-,-,-,-,-,-,-
2012, Hawaii,Other,7,44,123,174,-,-,-,-,11,0,59,1,16,17,70,174,-,-,-,-,-,-,-,-,-,-,-,-,-,-,-
2012, Hawaii,Total,142,556,1148,1846,-,-,-,-,159,0,506,19,195,278,689,1846,-,-,-,-,-,-,-,-,1209,637,1846,-,-,-,3943
2012, Idaho,At-Risk Infants and Toddlers,-,-,-,-,-,-,-,-,-,-,-,-,-,-,-,-,-,-,-,-,-,-,-,-,-,-,-,-,-,-,-
2012, Idaho,Community-Based,38,43,102,183,-,-,-,-,26,5,2,2,0,141,7,183,-,-,-,-,-,-,-,-,-,-,-,-,-,-,-
2012, Idaho,Home,349,528,767,1644,-,-,-,-,241,15,12,22,5,1302,47,1644,-,-,-,-,-,-,-,-,-,-,-,-,-,-,-
2012, Idaho,Other,15,10,26,51,-,-,-,-,6,0,0,0,0,44,1,51,-,-,-,-,-,-,-,-,-,-,-,-,-,-,-
2012, Idaho,Total,402,581,895,1878,-,-,-,-,273,20,14,24,5,1487,55,1878,-,-,-,-,-,-,-,-,1131,747,1878,-,-,-,3503
2012, Illinois,At-Risk Infants and Toddlers,-,-,-,-,-,-,-,-,-,-,-,-,-,-,-,-,-,-,-,-,-,-,-,-,-,-,-,-,-,-,-
2012, Illinois,Community-Based,66,260,797,1123,-,-,-,-,168,2,26,233,0,649,45,1123,-,-,-,-,-,-,-,-,-,-,-,-,-,-,-
2012, Illinois,Home,1885,5015,10465,17365,-,-,-,-,5315,5,533,2397,6,8507,602,17365,-,-,-,-,-,-,-,-,-,-,-,-,-,-,-
2012, Illinois,Other,73,210,476,759,-,-,-,-,95,0,12,116,1,497,38,759,-,-,-,-,-,-,-,-,-,-,-,-,-,-,-
2012, Illinois,Total,2024,5485,11738,19247,-,-,-,-,5578,7,571,2746,7,9653,685,19247,-,-,-,-,-,-,-,-,12304,6943,19247,-,-,-,19622
2012, Indiana,At-Risk Infants and Toddlers,-,-,-,-,-,-,-,-,-,-,-,-,-,-,-,-,-,-,-,-,-,-,-,-,-,-,-,-,-,-,-
2012, Indiana,Community-Based,24,112,253,389,-,-,-,-,15,0,2,67,0,284,21,389,-,-,-,-,-,-,-,-,-,-,-,-,-,-,-
2012, Indiana,Home,1100,2702,4919,8721,-,-,-,-,1091,4,119,904,9,6305,289,8721,-,-,-,-,-,-,-,-,-,-,-,-,-,-,-
2012, Indiana,Other,38,46,38,122,-,-,-,-,9,0,0,12,1,98,2,122,-,-,-,-,-,-,-,-,-,-,-,-,-,-,-
2012, Indiana,Total,1162,2860,5210,9232,-,-,-,-,1115,4,121,983,10,6687,312,9232,-,-,-,-,-,-,-,-,5879,3353,9232,-,-,-,17006
2012, Iowa,At-Risk Infants and Toddlers,-,-,-,-,-,-,-,-,-,-,-,-,-,-,-,-,-,-,-,-,-,-,-,-,-,-,-,-,-,-,-
2012, Iowa,Community-Based,11,34,63,108,-,-,-,-,15,x,0,12,x,73,6,108,-,-,-,-,-,-,-,-,-,-,-,-,-,-,-
2012, Iowa,Home,629,1055,1660,3344,-,-,-,-,382,x,53,167,x,2530,191,3344,-,-,-,-,-,-,-,-,-,-,-,-,-,-,-
2012, Iowa,Other,9,20,21,50,-,-,-,-,5,x,0,7,x,35,3,50,-,-,-,-,-,-,-,-,-,-,-,-,-,-,-
2012, Iowa,Total,649,1109,1744,3502,-,-,-,-,402,x,53,186,x,2638,200,3502,-,-,-,-,-,-,-,-,2080,1422,3502,-,-,-,5985
2012, Kansas,At-Risk Infants and Toddlers,-,-,-,-,-,-,-,-,-,-,-,-,-,-,-,-,-,-,-,-,-,-,-,-,-,-,-,-,-,-,-
2012, Kansas,Community-Based,11,25,64,100,-,-,-,-,11,3,0,5,0,72,9,100,-,-,-,-,-,-,-,-,-,-,-,-,-,-,-
2012, Kansas,Home,683,1190,2307,4180,-,-,-,-,751,15,80,287,18,2892,137,4180,-,-,-,-,-,-,-,-,-,-,-,-,-,-,-
2012, Kansas,Other,0,6,11,17,-,-,-,-,0,0,0,1,0,14,2,17,-,-,-,-,-,-,-,-,-,-,-,-,-,-,-
2012, Kansas,Total,694,1221,2382,4297,-,-,-,-,762,18,80,293,18,2978,148,4297,-,-,-,-,-,-,-,-,2685,1612,4297,-,-,-,8523
2012, Kentucky,At-Risk Infants and Toddlers,-,-,-,-,-,-,-,-,-,-,-,-,-,-,-,-,-,-,-,-,-,-,-,-,-,-,-,-,-,-,-
2012, Kentucky,Community-Based,6,38,137,181,-,-,-,-,9,0,3,27,1,130,11,181,-,-,-,-,-,-,-,-,-,-,-,-,-,-,-
2012, Kentucky,Home,299,1228,2721,4248,-,-,-,-,252,9,44,394,4,3362,183,4248,-,-,-,-,-,-,-,-,-,-,-,-,-,-,-
2012, Kentucky,Other,1,10,13,24,-,-,-,-,1,0,0,3,0,18,2,24,-,-,-,-,-,-,-,-,-,-,-,-,-,-,-
2012, Kentucky,Total,306,1276,2871,4453,-,-,-,-,262,9,47,424,5,3510,196,4453,-,-,-,-,-,-,-,-,2912,1541,4453,-,-,-,11052
2012, Louisiana,At-Risk Infants and Toddlers,-,-,-,-,-,-,-,-,-,-,-,-,-,-,-,-,-,-,-,-,-,-,-,-,-,-,-,-,-,-,-
2012, Louisiana,Community-Based,21,40,34,95,-,-,-,-,2,x,x,40,0,50,2,95,-,-,-,-,-,-,-,-,-,-,-,-,-,-,-
2012, Louisiana,Home,1112,1748,1049,3909,-,-,-,-,156,x,x,1655,0,1956,98,3909,-,-,-,-,-,-,-,-,-,-,-,-,-,-,-
2012, Louisiana,Other,2,6,1,9,-,-,-,-,0,x,x,5,0,4,0,9,-,-,-,-,-,-,-,-,-,-,-,-,-,-,-
2012, Louisiana,Total,1135,1794,1084,4013,-,-,-,-,158,x,x,1700,0,2010,100,4013,-,-,-,-,-,-,-,-,2486,1527,4013,-,-,-,9355
2012, Maine,At-Risk Infants and Toddlers,-,-,-,-,-,-,-,-,-,-,-,-,-,-,-,-,-,-,-,-,-,-,-,-,-,-,-,-,-,-,-
2012, Maine,Community-Based,2,6,41,49,-,-,-,-,1,1,0,0,0,47,0,49,-,-,-,-,-,-,-,-,-,-,-,-,-,-,-
2012, Maine,Home,88,271,525,884,-,-,-,-,17,7,3,8,0,833,16,884,-,-,-,-,-,-,-,-,-,-,-,-,-,-,-
2012, Maine,Other,0,3,17,20,-,-,-,-,0,0,0,0,0,19,1,20,-,-,-,-,-,-,-,-,-,-,-,-,-,-,-
2012, Maine,Total,90,280,583,953,-,-,-,-,18,8,3,8,0,899,17,953,-,-,-,-,-,-,-,-,637,316,953,-,-,-,0
2012, Maryland,At-Risk Infants and Toddlers,-,-,-,-,-,-,-,-,-,-,-,-,-,-,-,-,-,-,-,-,-,-,-,-,-,-,-,-,-,-,-
2012, Maryland,Community-Based,40,235,864,1139,365,0,0,365,135,3,40,402,0,517,42,1139,31,x,x,114,x,x,20,365,-,-,-,-,-,-,-
2012, Maryland,Home,1070,2137,2949,6156,543,0,0,543,892,5,285,1755,10,2969,240,6156,73,x,x,115,x,x,27,543,-,-,-,-,-,-,-
2012, Maryland,Other,3,27,153,183,19,0,0,19,27,0,15,54,0,72,15,183,2,x,x,4,x,x,0,19,-,-,-,-,-,-,-
2012, Maryland,Total,1113,2399,3966,7478,927,0,0,927,1054,8,340,2211,10,3558,297,7478,106,x,x,233,x,x,47,927,4745,2733,7478,663,264,927,15049
2012, Massachusetts,At-Risk Infants and Toddlers,58,133,189,380,-,-,-,-,151,0,4,51,0,156,18,380,-,-,-,-,-,-,-,-,-,-,-,-,-,-,-
2012, Massachusetts,Community-Based,77,651,2710,3438,-,-,-,-,816,9,180,422,4,1879,128,3438,-,-,-,-,-,-,-,-,-,-,-,-,-,-,-
2012, Massachusetts,Home,1788,3929,6303,12020,-,-,-,-,2932,30,535,1100,10,6999,414,12020,-,-,-,-,-,-,-,-,-,-,-,-,-,-,-
2012, Massachusetts,Other,9,56,182,247,-,-,-,-,78,1,6,24,0,128,10,247,-,-,-,-,-,-,-,-,-,-,-,-,-,-,-
2012, Massachusetts,Total,1874,4636,9195,15705,-,-,-,-,3826,40,721,1546,14,9006,552,15705,-,-,-,-,-,-,-,-,9929,5776,15705,-,-,-,30693
2012, Michigan,At-Risk Infants and Toddlers,-,-,-,-,-,-,-,-,-,-,-,-,-,-,-,-,-,-,-,-,-,-,-,-,-,-,-,-,-,-,-
2012, Michigan,Community-Based,26,160,395,581,-,-,-,-,68,1,19,57,1,415,20,581,-,-,-,-,-,-,-,-,-,-,-,-,-,-,-
2012, Michigan,Home,1429,2844,4248,8521,-,-,-,-,682,73,143,1702,7,5736,178,8521,-,-,-,-,-,-,-,-,-,-,-,-,-,-,-
2012, Michigan,Other,10,51,295,356,-,-,-,-,10,2,4,37,2,295,6,356,-,-,-,-,-,-,-,-,-,-,-,-,-,-,-
2012, Michigan,Total,1465,3055,4938,9458,-,-,-,-,760,76,166,1796,10,6446,204,9458,-,-,-,-,-,-,-,-,5873,3585,9458,-,-,-,19217
2012, Minnesota,At-Risk Infants and Toddlers,-,-,-,-,-,-,-,-,-,-,-,-,-,-,-,-,-,-,-,-,-,-,-,-,-,-,-,-,-,-,-
2012, Minnesota,Community-Based,9,19,108,136,-,-,-,-,20,x,2,4,x,97,5,136,-,-,-,-,-,-,-,-,-,-,-,-,-,-,-
2012, Minnesota,Home,644,1473,2573,4690,-,-,-,-,389,x,184,416,x,3414,191,4690,-,-,-,-,-,-,-,-,-,-,-,-,-,-,-
2012, Minnesota,Other,8,23,170,201,-,-,-,-,12,x,9,24,x,143,10,201,-,-,-,-,-,-,-,-,-,-,-,-,-,-,-
2012, Minnesota,Total,661,1515,2851,5027,-,-,-,-,421,x,195,444,x,3654,196,5027,-,-,-,-,-,-,-,-,2979,2048,5027,-,-,-,0
2012, Mississippi,At-Risk Infants and Toddlers,-,-,-,-,-,-,-,-,-,-,-,-,-,-,-,-,-,-,-,-,-,-,-,-,-,-,-,-,-,-,-
2012, Mississippi,Community-Based,15,45,113,173,-,-,-,-,3,x,1,75,x,93,1,173,-,-,-,-,-,-,-,-,-,-,-,-,-,-,-
2012, Mississippi,Home,184,527,956,1667,-,-,-,-,35,x,20,763,x,811,32,1667,-,-,-,-,-,-,-,-,-,-,-,-,-,-,-
2012, Mississippi,Other,13,51,63,127,-,-,-,-,1,x,2,64,x,57,1,127,-,-,-,-,-,-,-,-,-,-,-,-,-,-,-
2012, Mississippi,Total,212,623,1132,1967,-,-,-,-,39,x,23,902,x,961,34,1967,-,-,-,-,-,-,-,-,1118,849,1967,-,-,-,-
2012, Missouri,At-Risk Infants and Toddlers,-,-,-,-,-,-,-,-,-,-,-,-,-,-,-,-,-,-,-,-,-,-,-,-,-,-,-,-,-,-,-
2012, Missouri,Community-Based,14,56,146,216,-,-,-,-,8,0,1,61,0,132,14,216,-,-,-,-,-,-,-,-,-,-,-,-,-,-,-
2012, Missouri,Home,703,1539,2493,4735,-,-,-,-,135,5,65,697,18,3367,448,4735,-,-,-,-,-,-,-,-,-,-,-,-,-,-,-
2012, Missouri,Other,4,21,23,48,-,-,-,-,0,0,0,4,0,36,8,48,-,-,-,-,-,-,-,-,-,-,-,-,-,-,-
2012, Missouri,Total,721,1616,2662,4999,-,-,-,-,143,5,66,762,18,3535,470,4999,-,-,-,-,-,-,-,-,3086,1913,4999,-,-,-,5935
2012, Montana,At-Risk Infants and Toddlers,-,-,-,-,-,-,-,-,-,-,-,-,-,-,-,-,-,-,-,-,-,-,-,-,-,-,-,-,-,-,-
2012, Montana,Community-Based,5,14,15,34,-,-,-,-,0,7,0,0,0,25,2,34,-,-,-,-,-,-,-,-,-,-,-,-,-,-,-
2012, Montana,Home,164,173,281,618,-,-,-,-,24,104,4,7,0,444,35,618,-,-,-,-,-,-,-,-,-,-,-,-,-,-,-
2012, Montana,Other,5,3,7,15,-,-,-,-,0,2,0,1,0,9,3,15,-,-,-,-,-,-,-,-,-,-,-,-,-,-,-
2012, Montana,Total,174,190,303,667,-,-,-,-,24,113,4,8,0,478,40,667,-,-,-,-,-,-,-,-,386,281,667,-,-,-,0
2012, Nebraska,At-Risk Infants and Toddlers,-,-,-,-,-,-,-,-,-,-,-,-,-,-,-,-,-,-,-,-,-,-,-,-,-,-,-,-,-,-,-
2012, Nebraska,Community-Based,3,25,58,86,10,0,0,10,13,x,1,6,x,6,58,86,1,x,x,2,x,x,7,10,-,-,-,-,-,-,-
2012, Nebraska,Home,144,412,807,1363,105,0,0,105,175,x,20,39,x,36,1077,1363,8,x,x,1,x,x,92,105,-,-,-,-,-,-,-
2012, Nebraska,Other,2,11,23,36,5,0,0,5,5,x,0,0,x,1,30,36,0,x,x,0,x,x,5,5,-,-,-,-,-,-,-
2012, Nebraska,Total,149,448,888,1485,120,0,0,120,193,x,21,45,x,43,1165,1485,9,x,x,3,x,x,104,120,918,567,1485,41,79,120,0
2012, Nevada,At-Risk Infants and Toddlers,-,-,-,-,-,-,-,-,-,-,-,-,-,-,-,-,-,-,-,-,-,-,-,-,-,-,-,-,-,-,-
2012, Nevada,Community-Based,7,52,78,137,-,-,-,-,52,0,5,9,0,64,7,137,-,-,-,-,-,-,-,-,-,-,-,-,-,-,-
2012, Nevada,Home,379,718,1288,2385,-,-,-,-,894,13,78,224,24,948,204,2385,-,-,-,-,-,-,-,-,-,-,-,-,-,-,-
2012, Nevada,Other,2,15,14,31,-,-,-,-,10,0,0,0,0,20,1,31,-,-,-,-,-,-,-,-,-,-,-,-,-,-,-
2012, Nevada,Total,388,785,1380,2553,-,-,-,-,956,13,83,233,24,1032,212,2553,-,-,-,-,-,-,-,-,1596,957,2553,-,-,-,4754
2012, New Hampshire,At-Risk Infants and Toddlers,3,5,12,20,-,-,-,-,2,0,0,0,0,18,0,20,-,-,-,-,-,-,-,-,-,-,-,-,-,-,-
2012, New Hampshire,Community-Based,9,17,80,106,-,-,-,-,2,0,4,2,1,91,6,106,-,-,-,-,-,-,-,-,-,-,-,-,-,-,-
2012, New Hampshire,Home,235,439,1008,1682,-,-,-,-,63,0,49,19,3,1500,48,1682,-,-,-,-,-,-,-,-,-,-,-,-,-,-,-
2012, New Hampshire,Other,3,6,18,27,-,-,-,-,2,0,0,0,0,24,1,27,-,-,-,-,-,-,-,-,-,-,-,-,-,-,-
2012, New Hampshire,Total,247,462,1106,1815,-,-,-,-,67,0,53,21,4,1615,55,1815,-,-,-,-,-,-,-,-,1149,666,1815,-,-,-,3547
2012, New Jersey,At-Risk Infants and Toddlers,-,-,-,-,-,-,-,-,-,-,-,-,-,-,-,-,-,-,-,-,-,-,-,-,-,-,-,-,-,-,-
2012, New Jersey,Community-Based,18,172,548,738,-,-,-,-,193,1,27,166,1,314,36,738,-,-,-,-,-,-,-,-,-,-,-,-,-,-,-
2012, New Jersey,Home,616,2831,5862,9309,-,-,-,-,2712,6,537,856,18,4786,394,9309,-,-,-,-,-,-,-,-,-,-,-,-,-,-,-
2012, New Jersey,Other,3,6,10,19,-,-,-,-,2,0,4,1,0,12,0,19,-,-,-,-,-,-,-,-,-,-,-,-,-,-,-
2012, New Jersey,Total,637,3009,6420,10066,-,-,-,-,2907,7,568,1023,19,5112,430,10066,-,-,-,-,-,-,-,-,6787,3279,10066,-,-,-,21784
2012, New Mexico,At-Risk Infants and Toddlers,329,232,149,710,-,-,-,-,441,102,5,15,2,138,7,710,-,-,-,-,-,-,-,-,-,-,-,-,-,-,-
2012, New Mexico,Community-Based,150,311,515,976,-,-,-,-,664,59,2,20,1,218,12,976,-,-,-,-,-,-,-,-,-,-,-,-,-,-,-
2012, New Mexico,Home,750,1325,1775,3850,-,-,-,-,2388,448,28,63,4,884,35,3850,-,-,-,-,-,-,-,-,-,-,-,-,-,-,-
2012, New Mexico,Other,7,20,33,60,-,-,-,-,38,3,0,0,0,19,0,60,-,-,-,-,-,-,-,-,-,-,-,-,-,-,-
2012, New Mexico,Total,907,1656,2323,4886,-,-,-,-,3090,510,30,83,5,1121,47,4886,-,-,-,-,-,-,-,-,2798,2088,4886,-,-,-,9363
2012, New York,At-Risk Infants and Toddlers,-,-,-,-,-,-,-,-,-,-,-,-,-,-,-,-,-,-,-,-,-,-,-,-,-,-,-,-,-,-,-
2012, New York,Community-Based,33,202,745,980,-,-,-,-,177,2,35,144,1,598,23,980,-,-,-,-,-,-,-,-,-,-,-,-,-,-,-
2012, New York,Home,2497,8030,15447,25974,-,-,-,-,6316,52,1450,3257,44,14579,276,25974,-,-,-,-,-,-,-,-,-,-,-,-,-,-,-
2012, New York,Other,67,245,1491,1803,-,-,-,-,498,1,85,338,1,854,26,1803,-,-,-,-,-,-,-,-,-,-,-,-,-,-,-
2012, New York,Total,2597,8477,17683,28757,-,-,-,-,6991,55,1570,3739,46,16031,325,28757,-,-,-,-,-,-,-,-,18229,10528,28757,-,-,-,61244
2012, North Carolina,At-Risk Infants and Toddlers,-,-,-,-,-,-,-,-,-,-,-,-,-,-,-,-,-,-,-,-,-,-,-,-,-,-,-,-,-,-,-
2012, North Carolina,Community-Based,45,205,515,765,-,-,-,-,82,20,6,232,2,399,24,765,-,-,-,-,-,-,-,-,-,-,-,-,-,-,-
2012, North Carolina,Home,1379,2969,5014,9362,-,-,-,-,1724,105,157,2461,6,4703,206,9362,-,-,-,-,-,-,-,-,-,-,-,-,-,-,-
2012, North Carolina,Other,6,18,55,79,-,-,-,-,9,1,0,17,0,49,3,79,-,-,-,-,-,-,-,-,-,-,-,-,-,-,-
2012, North Carolina,Total,1430,3192,5584,10206,-,-,-,-,1815,126,163,2710,8,5151,233,10206,-,-,-,-,-,-,-,-,6335,3871,10206,-,-,-,20846
2012, North Dakota,At-Risk Infants and Toddlers,-,-,-,-,-,-,-,-,-,-,-,-,-,-,-,-,-,-,-,-,-,-,-,-,-,-,-,-,-,-,-
2012, North Dakota,Community-Based,0,2,8,10,-,-,-,-,0,0,0,0,0,10,0,10,-,-,-,-,-,-,-,-,-,-,-,-,-,-,-
2012, North Dakota,Home,181,305,444,930,-,-,-,-,19,99,8,10,3,731,60,930,-,-,-,-,-,-,-,-,-,-,-,-,-,-,-
2012, North Dakota,Other,0,0,3,3,-,-,-,-,0,0,0,0,0,3,0,3,-,-,-,-,-,-,-,-,-,-,-,-,-,-,-
2012, North Dakota,Total,181,307,455,943,-,-,-,-,19,99,8,10,3,744,60,943,-,-,-,-,-,-,-,-,566,377,943,-,-,-,0
2012, Northern Marianas,At-Risk Infants and Toddlers,-,-,-,-,-,-,-,-,-,-,-,-,-,-,-,-,-,-,-,-,-,-,-,-,-,-,-,-,-,-,-
2012, Northern Marianas,Community-Based,0,0,1,1,-,-,-,-,0,0,0,0,1,0,0,1,-,-,-,-,-,-,-,-,-,-,-,-,-,-,-
2012, Northern Marianas,Home,11,13,33,57,-,-,-,-,0,0,22,0,22,0,13,57,-,-,-,-,-,-,-,-,-,-,-,-,-,-,-
2012, Northern Marianas,Other,0,0,1,1,-,-,-,-,0,0,1,0,0,0,0,1,-,-,-,-,-,-,-,-,-,-,-,-,-,-,-
2012, Northern Marianas,Total,11,13,35,59,-,-,-,-,0,0,23,0,23,0,13,59,-,-,-,-,-,-,-,-,43,16,59,-,-,-,0
2012, Ohio,At-Risk Infants and Toddlers,-,-,-,-,-,-,-,-,-,-,-,-,-,-,-,-,-,-,-,-,-,-,-,-,-,-,-,-,-,-,-
2012, Ohio,Community-Based,47,148,309,504,-,-,-,-,11,0,9,56,0,402,26,504,-,-,-,-,-,-,-,-,-,-,-,-,-,-,-
2012, Ohio,Home,1436,2994,4002,8432,-,-,-,-,332,18,108,1374,11,6228,361,8432,-,-,-,-,-,-,-,-,-,-,-,-,-,-,-
2012, Ohio,Other,117,565,1455,2137,-,-,-,-,79,7,22,288,1,1636,104,2137,-,-,-,-,-,-,-,-,-,-,-,-,-,-,-
2012, Ohio,Total,1600,3707,5766,11073,-,-,-,-,422,25,139,1718,12,8266,491,11073,-,-,-,-,-,-,-,-,6773,4300,11073,-,-,-,24730
2012, Oklahoma,At-Risk Infants and Toddlers,-,-,-,-,-,-,-,-,-,-,-,-,-,-,-,-,-,-,-,-,-,-,-,-,-,-,-,-,-,-,-
2012, Oklahoma,Community-Based,10,11,47,68,-,-,-,-,0,4,0,5,0,46,13,68,-,-,-,-,-,-,-,-,-,-,-,-,-,-,-
2012, Oklahoma,Home,395,811,1217,2423,-,-,-,-,25,118,30,188,6,1872,184,2423,-,-,-,-,-,-,-,-,-,-,-,-,-,-,-
2012, Oklahoma,Other,16,37,68,121,-,-,-,-,2,7,0,5,0,91,16,121,-,-,-,-,-,-,-,-,-,-,-,-,-,-,-
2012, Oklahoma,Total,421,859,1332,2612,-,-,-,-,27,129,30,198,6,2009,213,2612,-,-,-,-,-,-,-,-,1607,1005,2612,-,-,-,0
2012, Oregon,At-Risk Infants and Toddlers,-,-,-,-,-,-,-,-,-,-,-,-,-,-,-,-,-,-,-,-,-,-,-,-,-,-,-,-,-,-,-
2012, Oregon,Community-Based,2,21,86,109,-,-,-,-,33,8,3,13,0,51,1,109,-,-,-,-,-,-,-,-,-,-,-,-,-,-,-
2012, Oregon,Home,357,953,1705,3015,-,-,-,-,696,28,84,67,16,2056,68,3015,-,-,-,-,-,-,-,-,-,-,-,-,-,-,-
2012, Oregon,Other,2,4,89,95,-,-,-,-,20,4,3,0,1,64,3,95,-,-,-,-,-,-,-,-,-,-,-,-,-,-,-
2012, Oregon,Total,361,978,1880,3219,-,-,-,-,749,40,90,80,17,2171,72,3219,-,-,-,-,-,-,-,-,2073,1146,3219,-,-,-,0
2012, Pennsylvania,At-Risk Infants and Toddlers,-,-,-,-,-,-,-,-,-,-,-,-,-,-,-,-,-,-,-,-,-,-,-,-,-,-,-,-,-,-,-
2012, Pennsylvania,Community-Based,29,116,234,379,-,-,-,-,34,0,14,87,0,229,15,379,-,-,-,-,-,-,-,-,-,-,-,-,-,-,-
2012, Pennsylvania,Home,2768,5736,10112,18616,-,-,-,-,2219,18,397,2547,7,12583,845,18616,-,-,-,-,-,-,-,-,-,-,-,-,-,-,-
2012, Pennsylvania,Other,2,14,19,35,-,-,-,-,6,0,2,9,0,18,0,35,-,-,-,-,-,-,-,-,-,-,-,-,-,-,-
2012, Pennsylvania,Total,2799,5866,10365,19030,-,-,-,-,2259,18,413,2643,7,12830,860,19030,-,-,-,-,-,-,-,-,12105,6925,19030,-,-,-,36330
2012, Puerto Rico,At-Risk Infants and Toddlers,-,-,-,-,-,-,-,-,-,-,-,-,-,-,-,-,-,-,-,-,-,-,-,-,-,-,-,-,-,-,-
2012, Puerto Rico,Community-Based,16,115,469,600,-,-,-,-,600,0,0,0,0,0,0,600,-,-,-,-,-,-,-,-,-,-,-,-,-,-,-
2012, Puerto Rico,Home,138,787,2100,3025,-,-,-,-,3025,0,0,0,0,0,0,3025,-,-,-,-,-,-,-,-,-,-,-,-,-,-,-
2012, Puerto Rico,Other,5,19,34,58,-,-,-,-,58,0,0,0,0,0,0,58,-,-,-,-,-,-,-,-,-,-,-,-,-,-,-
2012, Puerto Rico,Total,159,921,2603,3683,-,-,-,-,3683,0,0,0,0,0,0,3683,-,-,-,-,-,-,-,-,2504,1179,3683,-,-,-,0
2012, Rhode Island,At-Risk Infants and Toddlers,-,-,-,-,-,-,-,-,-,-,-,-,-,-,-,-,-,-,-,-,-,-,-,-,-,-,-,-,-,-,-
2012, Rhode Island,Community-Based,1,18,41,60,-,-,-,-,8,0,0,1,0,48,3,60,-,-,-,-,-,-,-,-,-,-,-,-,-,-,-
2012, Rhode Island,Home,304,532,962,1798,-,-,-,-,484,5,34,114,3,1064,94,1798,-,-,-,-,-,-,-,-,-,-,-,-,-,-,-
2012, Rhode Island,Other,2,15,102,119,-,-,-,-,27,0,4,5,0,77,6,119,-,-,-,-,-,-,-,-,-,-,-,-,-,-,-
2012, Rhode Island,Total,307,565,1105,1977,-,-,-,-,519,5,38,120,3,1189,103,1977,-,-,-,-,-,-,-,-,1252,725,1977,-,-,-,3964
2012, South Carolina,At-Risk Infants and Toddlers,-,-,-,-,-,-,-,-,-,-,-,-,-,-,-,-,-,-,-,-,-,-,-,-,-,-,-,-,-,-,-
2012, South Carolina,Community-Based,2,27,52,81,-,-,-,-,4,0,1,35,0,39,2,81,-,-,-,-,-,-,-,-,-,-,-,-,-,-,-
2012, South Carolina,Home,454,1162,2058,3674,-,-,-,-,382,7,36,1276,5,1851,117,3674,-,-,-,-,-,-,-,-,-,-,-,-,-,-,-
2012, South Carolina,Other,9,12,13,34,-,-,-,-,0,0,0,7,0,27,0,34,-,-,-,-,-,-,-,-,-,-,-,-,-,-,-
2012, South Carolina,Total,465,1201,2123,3789,-,-,-,-,386,7,37,1318,5,1917,119,3789,-,-,-,-,-,-,-,-,2300,1489,3789,-,-,-,0
2012, South Dakota,At-Risk Infants and Toddlers,-,-,-,-,-,-,-,-,-,-,-,-,-,-,-,-,-,-,-,-,-,-,-,-,-,-,-,-,-,-,-
2012, South Dakota,Community-Based,16,50,93,159,-,-,-,-,8,38,1,1,1,102,8,159,-,-,-,-,-,-,-,-,-,-,-,-,-,-,-
2012, South Dakota,Home,142,287,479,908,-,-,-,-,49,137,7,20,2,669,24,908,-,-,-,-,-,-,-,-,-,-,-,-,-,-,-
2012, South Dakota,Other,1,1,2,4,-,-,-,-,2,1,0,0,0,1,0,4,-,-,-,-,-,-,-,-,-,-,-,-,-,-,-
2012, South Dakota,Total,159,338,574,1071,-,-,-,-,59,176,8,21,3,772,32,1071,-,-,-,-,-,-,-,-,665,406,1071,-,-,-,0
2012, Tennessee,At-Risk Infants and Toddlers,-,-,-,-,-,-,-,-,-,-,-,-,-,-,-,-,-,-,-,-,-,-,-,-,-,-,-,-,-,-,-
2012, Tennessee,Community-Based,18,124,347,489,-,-,-,-,23,1,4,87,0,353,21,489,-,-,-,-,-,-,-,-,-,-,-,-,-,-,-
2012, Tennessee,Home,517,993,1271,2781,-,-,-,-,245,10,54,574,7,1805,86,2781,-,-,-,-,-,-,-,-,-,-,-,-,-,-,-
2012, Tennessee,Other,48,230,418,696,-,-,-,-,41,2,17,66,1,557,12,696,-,-,-,-,-,-,-,-,-,-,-,-,-,-,-
2012, Tennessee,Total,583,1347,2036,3966,-,-,-,-,309,13,75,727,8,2715,119,3966,-,-,-,-,-,-,-,-,2429,1537,3966,-,-,-,7369
2012, Texas,At-Risk Infants and Toddlers,-,-,-,-,-,-,-,-,-,-,-,-,-,-,-,-,-,-,-,-,-,-,-,-,-,-,-,-,-,-,-
2012, Texas,Community-Based,113,220,513,846,-,-,-,-,415,0,9,86,0,332,4,846,-,-,-,-,-,-,-,-,-,-,-,-,-,-,-
2012, Texas,Home,3506,6790,11394,21690,-,-,-,-,11442,35,513,2012,35,7449,204,21690,-,-,-,-,-,-,-,-,-,-,-,-,-,-,-
2012, Texas,Other,9,29,68,106,-,-,-,-,74,0,0,7,0,25,0,106,-,-,-,-,-,-,-,-,-,-,-,-,-,-,-
2012, Texas,Total,3628,7039,11975,22642,-,-,-,-,11931,35,522,2105,35,7806,208,22642,-,-,-,-,-,-,-,-,14202,8440,22642,-,-,-,0
2012, Utah,At-Risk Infants and Toddlers,-,-,-,-,-,-,-,-,-,-,-,-,-,-,-,-,-,-,-,-,-,-,-,-,-,-,-,-,-,-,-
2012, Utah,Community-Based,11,44,107,162,-,-,-,-,20,8,1,2,0,130,1,162,-,-,-,-,-,-,-,-,-,-,-,-,-,-,-
2012, Utah,Home,427,1014,1753,3194,-,-,-,-,651,38,41,35,29,2326,74,3194,-,-,-,-,-,-,-,-,-,-,-,-,-,-,-
2012, Utah,Other,0,11,190,201,-,-,-,-,33,3,2,0,1,160,2,201,-,-,-,-,-,-,-,-,-,-,-,-,-,-,-
2012, Utah,Total,438,1069,2050,3557,-,-,-,-,704,49,44,37,30,2616,77,3557,-,-,-,-,-,-,-,-,2276,1281,3557,-,-,-,7438
2012, Vermont,At-Risk Infants and Toddlers,-,-,-,-,-,-,-,-,-,-,-,-,-,-,-,-,-,-,-,-,-,-,-,-,-,-,-,-,-,-,-
2012, Vermont,Community-Based,1,22,82,105,-,-,-,-,1,x,x,0,0,100,4,105,-,-,-,-,-,-,-,-,-,-,-,-,-,-,-
2012, Vermont,Home,70,184,385,639,-,-,-,-,4,x,x,20,0,570,37,639,-,-,-,-,-,-,-,-,-,-,-,-,-,-,-
2012, Vermont,Other,4,4,2,10,-,-,-,-,0,x,x,0,0,10,0,10,-,-,-,-,-,-,-,-,-,-,-,-,-,-,-
2012, Vermont,Total,75,210,469,754,-,-,-,-,5,x,x,20,0,680,41,754,-,-,-,-,-,-,-,-,477,277,754,-,-,-,754
2012, Virgin Islands,At-Risk Infants and Toddlers,-,-,-,-,-,-,-,-,-,-,-,-,-,-,-,-,-,-,-,-,-,-,-,-,-,-,-,-,-,-,-
2012, Virgin Islands,Community-Based,0,1,7,8,-,-,-,-,0,0,x,8,0,x,0,8,-,-,-,-,-,-,-,-,-,-,-,-,-,-,-
2012, Virgin Islands,Home,27,45,63,135,-,-,-,-,15,0,x,109,0,x,6,135,-,-,-,-,-,-,-,-,-,-,-,-,-,-,-
2012, Virgin Islands,Other,0,0,1,1,-,-,-,-,0,0,x,1,0,x,0,1,-,-,-,-,-,-,-,-,-,-,-,-,-,-,-
2012, Virgin Islands,Total,27,46,71,144,-,-,-,-,15,0,x,118,0,x,6,144,-,-,-,-,-,-,-,-,85,59,144,-,-,-,0
2012, Virginia,At-Risk Infants and Toddlers,-,-,-,-,-,-,-,-,-,-,-,-,-,-,-,-,-,-,-,-,-,-,-,-,-,-,-,-,-,-,-
2012, Virginia,Community-Based,16,80,160,256,-,-,-,-,18,0,15,61,0,138,24,256,-,-,-,-,-,-,-,-,-,-,-,-,-,-,-
2012, Virginia,Home,963,2526,3499,6988,-,-,-,-,747,7,262,1384,3,4038,547,6988,-,-,-,-,-,-,-,-,-,-,-,-,-,-,-
2012, Virginia,Other,0,0,1023,1023,-,-,-,-,109,1,39,204,0,588,82,1023,-,-,-,-,-,-,-,-,-,-,-,-,-,-,-
2012, Virginia,Total,979,2606,4682,8267,-,-,-,-,874,8,316,1649,3,4764,653,8267,-,-,-,-,-,-,-,-,3145,5122,8267,-,-,-,15794
2012, Washington,At-Risk Infants and Toddlers,-,-,-,-,-,-,-,-,-,-,-,-,-,-,-,-,-,-,-,-,-,-,-,-,-,-,-,-,-,-,-
2012, Washington,Community-Based,51,270,875,1196,-,-,-,-,216,26,72,42,9,744,87,1196,-,-,-,-,-,-,-,-,-,-,-,-,-,-,-
2012, Washington,Home,575,1357,2250,4182,-,-,-,-,1046,63,260,169,32,2311,301,4182,-,-,-,-,-,-,-,-,-,-,-,-,-,-,-
2012, Washington,Other,27,124,285,436,-,-,-,-,64,5,27,18,3,297,22,436,-,-,-,-,-,-,-,-,-,-,-,-,-,-,-
2012, Washington,Total,653,1751,3410,5814,-,-,-,-,1326,94,359,229,44,3352,410,5814,-,-,-,-,-,-,-,-,3612,2202,5814,-,-,-,11165
2012, West Virginia,At-Risk Infants and Toddlers,49,53,16,118,-,-,-,-,1,x,0,6,x,108,2,118,-,-,-,-,-,-,-,-,-,-,-,-,-,-,-
2012, West Virginia,Community-Based,0,9,16,25,-,-,-,-,1,x,0,0,x,22,2,25,-,-,-,-,-,-,-,-,-,-,-,-,-,-,-
2012, West Virginia,Home,399,892,1387,2678,-,-,-,-,52,x,19,103,x,2409,91,2678,-,-,-,-,-,-,-,-,-,-,-,-,-,-,-
2012, West Virginia,Other,0,0,0,0,-,-,-,-,0,x,0,0,x,0,0,0,-,-,-,-,-,-,-,-,-,-,-,-,-,-,-
2012, West Virginia,Total,399,901,1403,2703,-,-,-,-,53,x,19,103,x,2431,93,2703,-,-,-,-,-,-,-,-,1689,1014,2703,-,-,-,5233
2012, Wisconsin,At-Risk Infants and Toddlers,-,-,-,-,-,-,-,-,-,-,-,-,-,-,-,-,-,-,-,-,-,-,-,-,-,-,-,-,-,-,-
2012, Wisconsin,Community-Based,24,67,261,352,-,-,-,-,48,11,3,105,0,174,11,352,-,-,-,-,-,-,-,-,-,-,-,-,-,-,-
2012, Wisconsin,Home,604,1542,3049,5195,-,-,-,-,787,52,95,480,5,3573,203,5195,-,-,-,-,-,-,-,-,-,-,-,-,-,-,-
2012, Wisconsin,Other,4,30,98,132,-,-,-,-,26,0,4,33,0,62,7,132,-,-,-,-,-,-,-,-,-,-,-,-,-,-,-
2012, Wisconsin,Total,632,1639,3408,5679,-,-,-,-,861,63,102,618,5,3809,221,5679,-,-,-,-,-,-,-,-,3710,1969,5679,-,-,-,0
2012, Wyoming,At-Risk Infants and Toddlers,-,-,-,-,-,-,-,-,-,-,-,-,-,-,-,-,-,-,-,-,-,-,-,-,-,-,-,-,-,-,-
2012, Wyoming,Community-Based,24,59,183,266,-,-,-,-,32,16,2,x,x,202,11,266,-,-,-,-,-,-,-,-,-,-,-,-,-,-,-
2012, Wyoming,Home,128,300,448,876,-,-,-,-,122,20,5,x,x,708,13,876,-,-,-,-,-,-,-,-,-,-,-,-,-,-,-
2012, Wyoming,Other,0,5,2,7,-,-,-,-,2,0,0,x,x,5,0,7,-,-,-,-,-,-,-,-,-,-,-,-,-,-,-
2012, Wyoming,Total,152,364,633,1149,-,-,-,-,156,36,7,x,x,915,24,1149,-,-,-,-,-,-,-,-,708,441,1149,-,-,-,0
2012,US and Outlying Areas,At-Risk Infants and Toddlers,443,435,375,1253,-,-,-,-,595,102,10,72,27,420,27,1253,-,-,-,-,-,-,-,-,-,-,-,-,-,-,-
2012,US and Outlying Areas,Community-Based,1566,6210,17572,25348,375,0,0,375,7438,277,1147,3859,72,11664,891,25348,32,1,13,116,0,186,27,375,-,-,-,-,-,-,-
2012,US and Outlying Areas,Home,39463,92609,159654,291726,648,0,0,648,73748,2378,9962,38298,855,155565,10920,291726,81,2,15,116,0,315,119,648,-,-,-,-,-,-,-
2012,US and Outlying Areas,Other,1281,4301,11326,16908,24,0,0,24,3891,69,640,2790,46,8829,643,16908,2,0,3,4,1,9,5,24,-,-,-,-,-,-,-
2012,US and Outlying Areas,Total,42310,103120,188552,333982,1047,0,0,1047,85077,2724,11749,44947,973,176058,12444,333982,115,3,31,236,1,510,151,1047,207969,126013,333982,704,343,1047,448642
 -------------------,,,,,,,,,,,,,,,,,,,,,,,,,,,,,,,,,
 -   Data not available,,,,,,,,,,,,,,,,,,,,,,,,,,,,,,,,,
x   Data supressed due to small cell size,,,,,,,,,,,,,,,,,,,,,,,,,,,,,,,,,
Extraction Date:,11/14/2013,,,,,,,,,,,,,,,,,,,,,,,,,,,,,,,,
Updated:,,,,,,,,,,,,,,,,,,,,,,,,,,,,,,,,,
Revised:,,,,,,,,,,,,,,,,,,,,,,,,,,,,,,,,,
